{"hyperparameters": {"learning_rate": 0.02113766515443995, "lora_rank": 4, "grad_batches": 6, "lora_alpha": 59, "lora_dropout": 0.30216142535209656, "weight_decay": 0.04551069065928459}, "results": {"mmlu": 0.2666999002991027}}
{"hyperparameters": {"learning_rate": 0.018365531779093766, "lora_rank": 12, "grad_batches": 12, "lora_alpha": 64, "lora_dropout": 0.26692336797714233, "weight_decay": 0.3074820637702942}, "results": {"mmlu": 0.24654607605754167}}
{"hyperparameters": {"learning_rate": 0.00028253608181426414, "lora_rank": 14, "grad_batches": 1, "lora_alpha": 58, "lora_dropout": 0.2672792077064514, "weight_decay": 0.048836659640073776}, "results": {"mmlu": 0.2689075630252101}}
{"hyperparameters": {"learning_rate": 5.535875165416155e-05, "lora_rank": 24, "grad_batches": 5, "lora_alpha": 58, "lora_dropout": 0.20395269989967346, "weight_decay": 0.2135998159646988}, "results": {"mmlu": 0.22945449366187154}}
{"hyperparameters": {"learning_rate": 0.0003040471904935036, "lora_rank": 26, "grad_batches": 15, "lora_alpha": 28, "lora_dropout": 0.17919619381427765, "weight_decay": 0.08869229257106781}, "results": {"mmlu": 0.2290984190286284}}
{"hyperparameters": {"learning_rate": 0.00016083121360619117, "lora_rank": 28, "grad_batches": 15, "lora_alpha": 34, "lora_dropout": 0.13830022513866425, "weight_decay": 0.08869229257106781}, "results": {"mmlu": 0.22959692351516878}}
{"hyperparameters": {"learning_rate": 0.018365461720283534, "lora_rank": 12, "grad_batches": 12, "lora_alpha": 59, "lora_dropout": 0.27504822611808777, "weight_decay": 0.3074820637702942}, "results": {"mmlu": 0.24654607605754167}}
{"hyperparameters": {"learning_rate": 0.018365391661740553, "lora_rank": 12, "grad_batches": 12, "lora_alpha": 59, "lora_dropout": 0.2891084849834442, "weight_decay": 0.3074820637702942}}
