{"hyperparameters": {"learning_rate": 0.00027317952083092924, "lora_rank": 3, "grad_batches": 6, "lora_alpha": 23, "lora_dropout": 0.48338788747787476, "weight_decay": 0.1994292438030243}, "results": {"mmlu": 0.25509186725537675}}
{"hyperparameters": {"learning_rate": 0.042812888029056986, "lora_rank": 3, "grad_batches": 1, "lora_alpha": 37, "lora_dropout": 0.20357540249824524, "weight_decay": 0.2050859034061432}, "results": {"mmlu": 0.25402364335564737}}
{"hyperparameters": {"learning_rate": 0.042812888029056986, "lora_rank": 3, "grad_batches": 1, "lora_alpha": 37, "lora_dropout": 0.20357540249824524, "weight_decay": 0.2050859034061432}, "results": {"mmlu": 0.25402364335564737}}
{"hyperparameters": {"learning_rate": 0.018365431069638095, "lora_rank": 2, "grad_batches": 12, "lora_alpha": 35, "lora_dropout": 0.3011574447154999, "weight_decay": 0.3074820637702942}, "results": {"mmlu": 0.24654607605754167}}
{"hyperparameters": {"learning_rate": 0.01055375724022641, "lora_rank": 18, "grad_batches": 14, "lora_alpha": 32, "lora_dropout": 0.1679697185754776, "weight_decay": 0.45547211170196533}, "results": {"mmlu": 0.25509186725537675}}
{"hyperparameters": {"learning_rate": 0.10661837561270876, "lora_rank": 4, "grad_batches": 4, "lora_alpha": 19, "lora_dropout": 0.46408578753471375, "weight_decay": 0.07630136609077454}, "results": {"mmlu": 0.24654607605754167}}
{"hyperparameters": {"learning_rate": 0.003886435256443296, "lora_rank": 14, "grad_batches": 6, "lora_alpha": 29, "lora_dropout": 0.26704293489456177, "weight_decay": 0.23290087282657623}, "results": {"mmlu": 0.2689075630252101}}
{"hyperparameters": {"learning_rate": 0.0002834104415539499, "lora_rank": 15, "grad_batches": 1, "lora_alpha": 58, "lora_dropout": 0.2638750374317169, "weight_decay": 0.048836659640073776}, "results": {"mmlu": 0.24654607605754167}}
{"hyperparameters": {"learning_rate": 0.03596556215573769, "lora_rank": 14, "grad_batches": 5, "lora_alpha": 16, "lora_dropout": 0.27818578481674194, "weight_decay": 0.33012592792510986}, "results": {"mmlu": 0.24910981341689217}}
{"hyperparameters": {"learning_rate": 0.018365531779093766, "lora_rank": 13, "grad_batches": 12, "lora_alpha": 35, "lora_dropout": 0.37658971548080444, "weight_decay": 0.3074820637702942}, "results": {"mmlu": 0.24341261928500213}}
{"hyperparameters": {"learning_rate": 0.0010304615303536949, "lora_rank": 3, "grad_batches": 12, "lora_alpha": 21, "lora_dropout": 0.4948403537273407, "weight_decay": 0.10750721395015717}, "results": {"mmlu": 0.22981056829511465}}
{"hyperparameters": {"learning_rate": 0.018365531779093766, "lora_rank": 12, "grad_batches": 12, "lora_alpha": 35, "lora_dropout": 0.26937535405158997, "weight_decay": 0.3074820637702942}, "results": {"mmlu": 0.24654607605754167}}
{"hyperparameters": {"learning_rate": 0.010568089240448232, "lora_rank": 18, "grad_batches": 14, "lora_alpha": 32, "lora_dropout": 0.1572798490524292, "weight_decay": 0.45547211170196533}, "results": {"mmlu": 0.25509186725537675}}
{"hyperparameters": {"learning_rate": 0.2760858056701213, "lora_rank": 30, "grad_batches": 3, "lora_alpha": 46, "lora_dropout": 0.028756029903888702, "weight_decay": 0.38911113142967224}, "results": {"mmlu": 0.2360774818401937}}
{"hyperparameters": {"learning_rate": 0.006426304383907201, "lora_rank": 2, "grad_batches": 2, "lora_alpha": 27, "lora_dropout": 0.2737859785556793, "weight_decay": 0.4323400855064392}, "results": {"mmlu": 0.24654607605754167}}
{"hyperparameters": {"learning_rate": 0.018365531779093766, "lora_rank": 12, "grad_batches": 12, "lora_alpha": 35, "lora_dropout": 0.27986326813697815, "weight_decay": 0.3074820637702942}, "results": {"mmlu": 0.24654607605754167}}
{"hyperparameters": {"learning_rate": 0.03522553680178261, "lora_rank": 27, "grad_batches": 5, "lora_alpha": 16, "lora_dropout": 0.27382245659828186, "weight_decay": 0.33012592792510986}, "results": {"mmlu": 0.23871243412619286}}
{"hyperparameters": {"learning_rate": 0.00023453060629039432, "lora_rank": 3, "grad_batches": 5, "lora_alpha": 36, "lora_dropout": 0.4052330255508423, "weight_decay": 0.2762879729270935}, "results": {"mmlu": 0.22945449366187154}}
{"hyperparameters": {"learning_rate": 0.0486310157834364, "lora_rank": 5, "grad_batches": 7, "lora_alpha": 44, "lora_dropout": 0.09873206168413162, "weight_decay": 0.3503759205341339}, "results": {"mmlu": 0.24533542230451502}}
{"hyperparameters": {"learning_rate": 0.004342395401335078, "lora_rank": 15, "grad_batches": 7, "lora_alpha": 29, "lora_dropout": 0.259676069021225, "weight_decay": 0.23290087282657623}, "results": {"mmlu": 0.24654607605754167}}
{"hyperparameters": {"learning_rate": 0.000753095859265177, "lora_rank": 7, "grad_batches": 3, "lora_alpha": 39, "lora_dropout": 0.2715265154838562, "weight_decay": 0.006615720223635435}, "results": {"mmlu": 0.2642073778664008}}
{"hyperparameters": {"learning_rate": 0.01836554929383808, "lora_rank": 7, "grad_batches": 12, "lora_alpha": 35, "lora_dropout": 0.2706374526023865, "weight_decay": 0.3074820637702942}, "results": {"mmlu": 0.2582965389545649}}
{"hyperparameters": {"learning_rate": 0.0038864760269854966, "lora_rank": 16, "grad_batches": 6, "lora_alpha": 29, "lora_dropout": 0.22349011898040771, "weight_decay": 0.23290087282657623}, "results": {"mmlu": 0.26912120780515597}}
{"hyperparameters": {"learning_rate": 0.018364590386163757, "lora_rank": 6, "grad_batches": 12, "lora_alpha": 35, "lora_dropout": 0.2710210978984833, "weight_decay": 0.3074820637702942}, "results": {"mmlu": 0.2689075630252101}}
{"hyperparameters": {"learning_rate": 0.0038864574948678393, "lora_rank": 6, "grad_batches": 6, "lora_alpha": 29, "lora_dropout": 0.26200592517852783, "weight_decay": 0.23290087282657623}, "results": {"mmlu": 0.2689075630252101}}
{"hyperparameters": {"learning_rate": 0.000735180159548767, "lora_rank": 20, "grad_batches": 3, "lora_alpha": 39, "lora_dropout": 0.07700952887535095, "weight_decay": 0.006615720223635435}, "results": {"mmlu": 0.25046289702321606}}
{"hyperparameters": {"learning_rate": 0.003886435256443296, "lora_rank": 10, "grad_batches": 6, "lora_alpha": 29, "lora_dropout": 0.04493618384003639, "weight_decay": 0.23290087282657623}, "results": {"mmlu": 0.2689075630252101}}
{"hyperparameters": {"learning_rate": 0.0038864537884549123, "lora_rank": 11, "grad_batches": 6, "lora_alpha": 29, "lora_dropout": 0.033163223415613174, "weight_decay": 0.23290087282657623}, "results": {"mmlu": 0.25637373593505197}}
{"hyperparameters": {"learning_rate": 0.003886435256443296, "lora_rank": 9, "grad_batches": 7, "lora_alpha": 29, "lora_dropout": 0.04414006322622299, "weight_decay": 0.23290087282657623}, "results": {"mmlu": 0.25487822247543085}}
{"hyperparameters": {"learning_rate": 0.003886435256443296, "lora_rank": 10, "grad_batches": 6, "lora_alpha": 29, "lora_dropout": 0.01425913069397211, "weight_decay": 0.23290087282657623}, "results": {"mmlu": 0.2689075630252101}}
{"hyperparameters": {"learning_rate": 0.0002825509018101883, "lora_rank": 17, "grad_batches": 1, "lora_alpha": 58, "lora_dropout": 0.20660078525543213, "weight_decay": 0.048836659640073776}, "results": {"mmlu": 0.22945449366187154}}
{"hyperparameters": {"learning_rate": 0.003886435256443296, "lora_rank": 11, "grad_batches": 6, "lora_alpha": 29, "lora_dropout": 0.04578632488846779, "weight_decay": 0.23290087282657623}, "results": {"mmlu": 0.25637373593505197}}
{"hyperparameters": {"learning_rate": 0.00028256221942144795, "lora_rank": 10, "grad_batches": 8, "lora_alpha": 58, "lora_dropout": 0.0, "weight_decay": 0.048836659640073776}}
