,acc_norm,acc_norm_stderr,acc_stderr,acc
count,50.0,50.0,50.0,50.0
mean,0.545911173073093,0.004816856925059215,0.004873206951028325,0.42380999800836483
std,0.12204047716905726,0.00018139165539109332,0.00021450372206890307,0.0734512533135024
min,0.2557259510057757,0.004353768730644567,0.00434594938238233,0.25433180641306513
25%,0.5388617805218083,0.004840803815751329,0.004900395263273377,0.4059699263095001
50%,0.6058554072893846,0.004859467555597442,0.0049760305614267065,0.4629057956582354
75%,0.6189006174068911,0.00491491576907516,0.004980687467486099,0.4698267277434774
max,0.6231826329416451,0.004989400984722217,0.0049843132057914305,0.4765982871937861
