,mmlu,hellaswag
count,52.0,52.0
mean,0.33487997545824066,0.43810227812418606
std,0.04743660287275779,0.07137535482785938
min,0.23180458624127617,0.2531368253335989
25%,0.32456202820111096,0.463752240589524
50%,0.3639794901011252,0.4720175263891655
75%,0.36486967668423304,0.47231627165903206
max,0.37501780373166216,0.4783907588129855
