,mmlu,hellaswag
count,40.0,40.0
mean,0.3298604187437687,0.4303848834893448
std,0.04859288196557163,0.07726351566267524
min,0.2319470160945734,0.2531368253335989
25%,0.2844502207662726,0.4228490340569608
50%,0.3639794901011252,0.4720175263891655
75%,0.3646738356359493,0.4722166899024099
max,0.3748753738783649,0.4783907588129855
