,mmlu,hellaswag
count,35.0,35.0
mean,0.5200459844954932,0.5335334452442598
std,0.07234971518593757,0.07090224503407205
min,0.22945449366187154,0.2504481179047998
25%,0.5396667141432845,0.551185022903804
50%,0.5432274604757157,0.5521808404700259
75%,0.544509329155391,0.5533758215494922
max,0.5479988605611736,0.5598486357299343
