,mmlu,hellaswag
count,50.0,50.0
mean,0.5273365617433414,0.5394761999601674
std,0.0613316765074775,0.05978786162457114
min,0.22945449366187154,0.2504481179047998
25%,0.540414470873095,0.5513095000995818
50%,0.5436903574989318,0.5524297948615813
75%,0.5446873664720125,0.5539235212109141
max,0.550206523287281,0.5598486357299343
