,mmlu,hellaswag
count,50.0,50.0
mean,0.3379134026491953,0.4412885879306911
std,0.05310048886865168,0.07297370263853334
min,0.22988178322176328,0.25343557060346544
25%,0.30011750462897024,0.4620593507269468
50%,0.3684660304799886,0.4766978689504083
75%,0.3758367753881213,0.4774945230033858
max,0.38107107249679534,0.4790878311093408
