,mmlu,hellaswag
count,41.0,41.0
mean,0.33403795581895435,0.4342177488693827
std,0.05658280938702862,0.07894582964123792
min,0.22988178322176328,0.25343557060346544
25%,0.27310924369747897,0.44542919737104164
50%,0.36860846033328587,0.47679745070703045
75%,0.37608602763139154,0.47759410476000796
max,0.38107107249679534,0.4790878311093408
