,mmlu,hellaswag
count,50.0,50.0
mean,0.2627574419598348,0.33867755427205737
std,0.04014496886048367,0.0935392296831124
min,0.2290984190286284,0.2504481179047998
25%,0.23176897877795186,0.2575682135032862
50%,0.2452285999145421,0.27818163712407884
75%,0.2775245691496938,0.45205138418641705
max,0.3761572425580402,0.4789882493527186
