,mmlu,hellaswag
count,51.0,51.0
mean,0.31183201096989144,0.42012566827169023
std,0.053421220809274486,0.0781628372499648
min,0.23180458624127617,0.25323640709022105
25%,0.25373878364905283,0.35256920932085245
50%,0.3277310924369748,0.46415056761601275
75%,0.36412191995442245,0.47211710814578767
max,0.3741632246118787,0.4783907588129855
