,mmlu,hellaswag
count,50.0,50.0
mean,0.5077795185870959,0.5285500896235811
std,0.08778724957285296,0.07201904206910474
min,0.22895598917533114,0.25791674965146383
25%,0.539275032046717,0.551682931686915
50%,0.5437259649622561,0.5526289583748257
75%,0.5444381142287423,0.5534754033061143
max,0.5447229739353369,0.5536745668193587
