,mmlu,hellaswag
count,40.0,40.0
mean,0.30639332003988035,0.4164160525791675
std,0.05290443020041416,0.07634850752070206
min,0.23180458624127617,0.25323640709022105
25%,0.2520296254094858,0.35214598685520815
50%,0.30469306366614446,0.463204540928102
75%,0.36406850875943597,0.47211710814578767
max,0.3741632246118787,0.4783907588129855
