,mmlu,hellaswag
count,34.0,34.0
mean,0.5083489028712183,0.5346720245556897
std,0.0865288809862556,0.054641079534636164
min,0.22895598917533114,0.2855008962358096
25%,0.539613302948298,0.5520065723959371
50%,0.5436191425722832,0.5525791674965146
75%,0.5444203104970802,0.553326030671181
max,0.5447229739353369,0.5536745668193587
