{"hyperparameters": {"learning_rate": 0.0021445573304157343, "lora_rank": 22, "grad_batches": 10, "lora_alpha": 61, "lora_dropout": 0.2260158658027649, "weight_decay": 0.1930641233921051}, "results": {"mmlu": 0.24543859649122807}}
{"hyperparameters": {"learning_rate": 0.36787944117144233, "lora_rank": 26, "grad_batches": 7, "lora_alpha": 52, "lora_dropout": 0.24998436868190765, "weight_decay": 0.08869229257106781}, "results": {"mmlu": 0.24473684210526317}}
{"hyperparameters": {"learning_rate": 8.661056230487901e-05, "lora_rank": 7, "grad_batches": 11, "lora_alpha": 50, "lora_dropout": 0.14053085446357727, "weight_decay": 0.17423228919506073}, "results": {"mmlu": 0.23350877192982455}}
{"hyperparameters": {"learning_rate": 0.36787944117144233, "lora_rank": 26, "grad_batches": 10, "lora_alpha": 56, "lora_dropout": 0.2500002682209015, "weight_decay": 0.2446833848953247}, "results": {"mmlu": 0.2556140350877193}}
{"hyperparameters": {"learning_rate": 0.36787944117144233, "lora_rank": 6, "grad_batches": 12, "lora_alpha": 59, "lora_dropout": 0.25965479016304016, "weight_decay": 0.3074820637702942}, "results": {"mmlu": 0.2694736842105263}}
{"hyperparameters": {"learning_rate": 0.018365531779093766, "lora_rank": 12, "grad_batches": 12, "lora_alpha": 35, "lora_dropout": 0.21238534152507782, "weight_decay": 0.3074820637702942}, "results": {"mmlu": 0.24543859649122807}}
{"hyperparameters": {"learning_rate": 0.2760858056701213, "lora_rank": 30, "grad_batches": 3, "lora_alpha": 46, "lora_dropout": 0.028756029903888702, "weight_decay": 0.38911113142967224}, "results": {"mmlu": 0.23982456140350877}}
{"hyperparameters": {"learning_rate": 0.03522553680178261, "lora_rank": 27, "grad_batches": 5, "lora_alpha": 16, "lora_dropout": 0.3511146008968353, "weight_decay": 0.33012592792510986}, "results": {"mmlu": 0.23859649122807017}}
{"hyperparameters": {"learning_rate": 0.010598752167701977, "lora_rank": 18, "grad_batches": 14, "lora_alpha": 32, "lora_dropout": 0.1572798490524292, "weight_decay": 0.45547211170196533}, "results": {"mmlu": 0.2531578947368421}}
{"hyperparameters": {"learning_rate": 0.2760858056701213, "lora_rank": 30, "grad_batches": 3, "lora_alpha": 47, "lora_dropout": 0.028756029903888702, "weight_decay": 0.38911113142967224}, "results": {"mmlu": 0.24649122807017543}}
{"hyperparameters": {"learning_rate": 0.2760852461668115, "lora_rank": 30, "grad_batches": 3, "lora_alpha": 52, "lora_dropout": 0.028756029903888702, "weight_decay": 0.38911113142967224}, "results": {"mmlu": 0.2324561403508772}}
{"hyperparameters": {"learning_rate": 0.02113766515443995, "lora_rank": 4, "grad_batches": 6, "lora_alpha": 59, "lora_dropout": 0.30216142535209656, "weight_decay": 0.04551069065928459}, "results": {"mmlu": 0.2666999002991027}}
{"hyperparameters": {"learning_rate": 0.018365531779093766, "lora_rank": 12, "grad_batches": 12, "lora_alpha": 64, "lora_dropout": 0.26692336797714233, "weight_decay": 0.3074820637702942}, "results": {"mmlu": 0.24654607605754167}}
{"hyperparameters": {"learning_rate": 0.00028253608181426414, "lora_rank": 14, "grad_batches": 1, "lora_alpha": 58, "lora_dropout": 0.2672792077064514, "weight_decay": 0.048836659640073776}, "results": {"mmlu": 0.2689075630252101}}
{"hyperparameters": {"learning_rate": 5.535875165416155e-05, "lora_rank": 24, "grad_batches": 5, "lora_alpha": 58, "lora_dropout": 0.20395269989967346, "weight_decay": 0.2135998159646988}, "results": {"mmlu": 0.22945449366187154}}
{"hyperparameters": {"learning_rate": 0.0003040471904935036, "lora_rank": 26, "grad_batches": 15, "lora_alpha": 28, "lora_dropout": 0.17919619381427765, "weight_decay": 0.08869229257106781}, "results": {"mmlu": 0.2290984190286284}}
